ID,Name,Age,City,Hobby
1,Amit,37,Hyderabad,A
2,Dipti,35,Secunderabad,S
3,Adi,8,Hyderabad,D
4,Sunil,63,Dombivli,F
5,Vidya,59,Solapur,G
6,Abhishek,45,Dombivli,Hobby
7,Rasika,65,Dombivli,JK
8,Shyam,2,Jalgaon,K
9,Kunda,62,Kokan,U
10,Nikhil,33,Mumbai,T
11,Surabhi,55,Mumbai,R
12,Amit,87,Hyderabad,A
13,Dipti,66,Secunderabad,S
14,Adi,21,Hyderabad,D
15,Sunil,54,Dombivli,F
16,Vidya,62,Solapur,G
17,Abhishek,33,Dombivli,Hobby
18,Rasika,88,Dombivli,JK
19,Shyam,65,Jalgaon,K
20,Kunda,77,Kokan,U
21,Nikhil,66,Mumbai,T
22,Surabhi,22,Mumbai,R
23,Amit,37,Hyderabad,A
24,Dipti,11,Secunderabad,S
25,Adi,8,Hyderabad,D
26,Sunil,2,Dombivli,F
27,Vidya,12,Solapur,G
28,Abhishek,32,Dombivli,Hobby
29,Rasika,68,Dombivli,JK
30,Shyam,96,Jalgaon,K
31,Kunda,74,Kokan,U
32,Nikhil,81,Mumbai,T
33,Surabhi,52,Mumbai,R
34,Amit,63,Hyderabad,A
35,Dipti,35,Secunderabad,S
36,Adi,14,Hyderabad,D
37,Sunil,25,Dombivli,F
38,Vidya,36,Solapur,G
39,Abhishek,47,Dombivli,Hobby
40,Rasika,58,Dombivli,JK
41,Shyam,69,Jalgaon,K
42,Kunda,62,Kokan,U
43,Nikhil,17,Mumbai,T
44,Surabhi,28,Mumbai,R
45,Amit,39,Hyderabad,A
46,Dipti,42,Secunderabad,S
47,Adi,56,Hyderabad,D
48,Sunil,89,Dombivli,F
49,Vidya,26,Solapur,G
50,Abhishek,48,Dombivli,Hobby
51,Rasika,37,Dombivli,JK
52,Shyam,19,Jalgaon,K
53,Kunda,62,Kokan,U
54,Nikhil,48,Mumbai,T
55,Surabhi,57,Mumbai,R
56,Amit,51,Hyderabad,A
57,Dipti,53,Secunderabad,S
58,Adi,59,Hyderabad,D
59,Sunil,18,Dombivli,F
60,Vidya,38,Solapur,G
61,Abhishek,42,Dombivli,Hobby
62,Rasika,62,Dombivli,JK
63,Shyam,75,Jalgaon,K
64,Kunda,75,Kokan,U
65,Nikhil,87,Mumbai,T
66,Surabhi,89,Mumbai,R
67,Amit,63,Hyderabad,A
68,Dipti,51,Secunderabad,S
69,Adi,22,Hyderabad,D
70,Sunil,33,Dombivli,F
71,Vidya,66,Solapur,G
72,Abhishek,55,Dombivli,Hobby
73,Rasika,44,Dombivli,JK
74,Shyam,77,Jalgaon,K
75,Kunda,88,Kokan,U
76,Nikhil,99,Mumbai,T
77,Surabhi,1,Mumbai,R
78,Amit,25,Hyderabad,A
79,Dipti,11,Secunderabad,S
80,Adi,21,Hyderabad,D
81,Sunil,22,Dombivli,F
82,Vidya,23,Solapur,G
83,Abhishek,24,Dombivli,Hobby
84,Rasika,65,Dombivli,JK
85,Shyam,98,Jalgaon,K
86,Kunda,52,Kokan,U
87,Nikhil,23,Mumbai,T
88,Surabhi,24,Mumbai,R
